LoanID,LoanAmount,InterestRate,Term,EmploymentLength,AnnualIncome,DTI,LoanStatus
1,49385,15.56095918390533,36,4,127360,13.751808072904765,1
2,17826,12.166426597756221,36,5,38344,25.012572461336077,0
3,26667,17.906613998955322,60,3,90537,29.74469381986753,0
4,43071,10.843592394101936,60,0,140877,25.9274665860658,0
5,30915,19.994921800370488,36,3,112699,19.890530092449627,1
6,34965,5.830715953793336,36,4,112772,20.236276097398516,1
7,32105,6.425351952634473,36,2,126228,11.378560239596723,1
8,48519,12.165772583510641,60,5,121798,21.39757788759784,0
9,43447,8.196322876683915,60,1,53243,18.30137565343816,1
10,20160,16.828133513269012,60,1,133382,12.873508675320178,0
11,24310,12.647751388735719,60,4,112189,29.167692962305022,1
12,21097,7.342328228424133,36,5,73699,29.540463535063775,0
13,33106,10.658803969999976,36,5,85167,15.427583675383046,0
14,8316,10.57334064654939,36,2,78318,15.200837490342893,1
15,18289,15.012274173746217,36,4,128368,18.15772412378613,1
16,10761,15.43579071837607,36,0,133936,23.20907179583564,1
17,42241,6.245646898638829,60,1,106128,24.1337142333675,0
18,20010,9.209947316304081,60,2,67599,10.80734664677858,0
19,30628,19.17963163639245,36,3,99378,10.891003696552591,1
20,39285,13.442572216298348,60,2,112959,13.862113114718928,1
21,7150,17.67621990473812,60,3,37219,21.79378786621222,1
22,9187,18.794450327385036,36,3,131995,14.040027253915405,0
23,30862,10.317678094174962,36,0,137494,26.291763609842334,1
24,34995,17.39644652461048,60,1,125558,26.510052480024562,0
25,34107,14.776678009591398,36,1,97083,15.741689438717014,0
26,23125,5.414029709918017,36,1,43650,22.852317458540497,0
27,22485,19.419988869730325,36,3,90467,21.408700949400146,0
28,35329,9.471770029020451,36,3,136846,21.956593240047,0
29,10246,8.582580917722968,36,0,102430,14.331941133860632,0
30,22603,7.304114982880573,60,1,132893,23.900889306895028,0
31,8994,9.095792997324661,36,1,100309,12.425599035322817,0
32,48638,11.783872976490894,60,2,70449,15.534194395955954,0
33,5464,19.438363381512765,36,1,79365,17.860928387743176,0
34,21914,17.618683059810305,36,3,130814,18.72824892465829,0
35,46669,13.531478307821411,36,2,49331,23.98163613934014,0
36,21909,18.335776049240856,60,4,66848,27.903985378718094,1
37,10868,19.49510495377341,36,3,124134,19.472985372017973,0
38,24358,11.709864926573385,36,2,31246,19.774634511546772,0
39,19702,5.92385204905028,36,2,113828,28.437387799930242,1
40,46870,6.673864494812923,60,5,98622,26.857368078532254,0
41,25121,13.61746270491199,36,3,120667,29.720330564404986,0
42,40844,11.680947125250249,36,2,124763,16.977949582796608,0
43,34320,9.922985940641903,36,1,147093,27.505924098264167,1
44,17073,18.492761647026587,36,5,47502,29.830606537798822,0
45,25558,18.300279790084787,36,4,131891,13.267444033762432,1
46,12130,13.652149524936105,36,5,99441,24.070210449193382,0
47,12128,8.128510193783294,36,2,90577,16.853790342818407,0
48,17538,14.599299584039032,36,5,129090,26.45140476351921,0
49,21210,11.20172959003298,36,4,133933,17.486348990894093,0
50,25615,8.148788798426992,60,2,30357,14.668060765166464,0
51,28634,7.717401446016748,60,1,138428,13.706474723772805,0
52,32009,8.286284808259886,36,2,30453,29.125811699401694,1
53,6931,10.521830440077492,60,2,41552,22.77618662749505,0
54,40527,12.81240436679069,36,3,128270,17.980151119075114,0
55,23491,5.132190077339977,60,2,82237,11.17206879151653,1
56,39353,12.70571493394132,60,3,102010,24.839987097952168,0
57,24366,9.18932421661889,36,5,143181,17.844462011027964,1
58,49793,19.431996036280676,36,2,51210,21.586272109804913,0
59,13790,17.586355750042394,36,3,79165,17.58028771657912,0
60,7940,9.086764726477245,60,1,78421,26.456841474875976,1
61,14289,8.444387606817333,36,2,79110,15.9794538652537,0
62,13421,14.106114432561089,36,2,51034,14.477025143746637,1
63,11803,13.290933427972096,36,0,116393,23.489801016419136,0
64,36233,8.943940777773651,60,0,64894,27.879940355776704,0
65,13055,6.103669931089536,36,3,85389,24.053431539724617,0
66,12560,7.498097006291239,60,2,83601,23.78081610278137,0
67,23813,13.912470887558477,60,0,145127,19.38647159485292,0
68,39100,15.999333088304425,36,4,46552,21.502750304675914,1
69,28483,16.833120095847473,36,4,34115,18.848309977750926,1
70,21889,12.365023317552698,36,0,66139,25.55853337141076,0
71,43310,18.045163527310415,36,0,107209,13.203698093861751,0
72,32078,6.240100741097869,60,1,33563,14.628667192653314,0
73,8943,10.480874200128333,60,3,51946,16.210477292704482,0
74,34143,6.371295152873612,60,2,65036,29.288952817970063,0
75,18946,9.471770003898396,60,0,48381,27.407231176627388,0
76,11748,5.6771858422796235,60,4,133447,29.840524828933862,0
77,38414,18.16955960415565,36,0,122709,27.917976945601588,1
78,23658,5.4412864088393,60,1,103741,25.0032412484752,0
79,28490,14.611844240313717,60,3,110908,12.532510517792021,1
80,15683,17.956072556902974,36,0,123950,14.387816204271902,0
81,25993,10.658069039354002,36,1,54734,10.68394842235023,0
82,32970,10.044729230385276,36,3,105554,29.94688430865986,0
83,20618,7.015658446628474,36,0,71656,13.365458505442351,0
84,22265,15.898781672735165,60,4,114979,13.065179438272416,0
85,36385,5.42650826665546,60,0,149068,10.602198567115103,1
86,31766,15.715248509514224,36,5,53590,23.151068792984223,0
87,29428,11.692447426260998,60,1,30209,15.87659078312412,0
88,37077,10.238722163317473,36,1,88752,16.577961608456086,1
89,41444,19.182793815275115,36,2,96262,23.634440856913002,0
90,25381,15.058347815739644,60,0,133782,19.93435039275799,0
91,6656,6.397829092407495,60,1,112625,28.14773291413307,0
92,42699,13.934517497488116,60,5,102538,25.493033244340726,0
93,44143,17.716938917884473,36,2,128215,10.737188530253064,0
94,21263,10.120791648923989,36,5,125204,12.372617012752764,1
95,38619,16.980536310408773,36,4,109505,15.009083356581224,0
96,9091,14.468554363854139,60,4,39855,23.57774827298789,0
97,33324,6.623071682135815,60,3,63766,28.71351693203059,0
98,20891,13.071777091609233,60,0,78207,16.092131129207402,0
99,15129,10.133947650464387,36,5,44097,25.617515442874915,0
100,40688,14.057655225301742,36,0,48133,27.68379813724591,0
101,37309,5.3027978653796835,60,4,91510,28.994206317909622,1
102,48587,12.068091569596724,36,4,95567,25.17884447726563,1
103,29855,7.195383767294991,60,5,76699,28.24420424043448,1
104,33528,16.69508704814018,60,1,100588,26.042461147218802,0
105,14555,10.55160360887003,36,2,105706,17.50898687895809,1
106,18851,18.040516852573788,36,5,90824,23.4043418483753,1
107,8617,17.111904253380697,36,3,74228,15.132967565359095,0
108,20312,8.930762459409932,36,4,75879,28.513463160077816,0
109,10062,7.61951290022649,36,4,56739,20.05495382628648,0
110,29330,16.02640123696257,36,4,32824,17.10106142300011,0
111,23739,9.407358597516328,36,3,122646,10.579399595733388,1
112,16124,6.059145993089058,36,3,65659,12.376299123968266,0
113,11124,11.540863269021429,36,5,59075,17.232293648288273,1
114,20481,14.19838186470535,36,2,41355,22.397630331050998,0
115,21307,12.942391491805099,60,4,131870,20.257408258561384,0
116,35194,12.081770603375627,60,4,103698,19.77390809798534,0
117,24610,15.687260337651802,60,4,121595,22.60269516897221,1
118,22884,9.629474092669113,60,2,70791,19.334784905823852,1
119,11048,13.777549636149882,36,1,39888,19.088467074389325,0
120,19415,17.022231927281908,60,1,90709,18.807319716421134,0
121,46105,7.276381343643193,60,0,36326,17.573560993593507,0
122,13817,19.120433858096202,36,2,64404,26.31361556879467,0
123,23466,7.388139864818259,60,0,43906,22.45089452256405,0
124,8412,8.764939001436051,36,0,140398,11.404271809547929,0
125,20685,17.64986837532128,36,3,123596,25.184834158701243,0
126,33498,5.511927487447014,60,5,64277,24.07373237631676,0
127,48081,6.495171095124199,60,1,129805,22.954629017659727,1
128,48382,9.692383589806255,60,4,115854,14.593700544960432,0
129,21473,18.018335950931807,60,1,89101,25.914942414653396,1
130,16889,14.273204501615824,60,1,83595,21.132496359302557,0
131,29772,11.401284938494516,60,2,53536,22.189818767271916,0
132,33111,9.106417736754086,60,0,129151,21.060468155098928,1
133,5352,11.10011526303321,36,4,34595,22.83489115725431,0
134,36336,7.761328285155216,36,3,117592,17.051258094543996,0
135,18333,16.883002852552423,60,3,84522,11.990172962003104,1
136,18488,19.63986827448391,60,0,127974,26.53160046325286,0
137,28791,7.526377539439878,36,5,86847,16.694816508357313,0
138,25050,10.74408124720022,36,4,112438,23.439967792502017,1
139,37485,18.053969051113288,60,0,144866,29.163780415987137,0
140,42651,11.383684401380897,36,4,76818,22.02411003532397,0
141,39427,12.948508794875748,36,0,41918,26.4241852272199,0
142,45439,7.1885894449922745,60,5,62987,26.60328069755272,0
143,46969,7.326358439018454,36,2,118743,20.24235884874395,1
144,19083,15.409248701987527,60,1,123412,22.543753021123152,0
145,37768,12.57733779692361,36,4,73940,25.74777602646696,1
146,25338,9.212700551583787,60,1,140240,10.7291481701218,0
147,32491,15.77038828756123,36,3,51761,19.01191047542045,1
148,20500,16.755883519183982,36,1,56674,17.717486598185435,0
149,48702,9.931739700396621,60,3,90914,26.617351274965632,0
150,45885,16.885908991673507,36,1,107422,18.226838976319396,0
151,40086,12.620422201918977,36,1,39483,28.9407935666775,1
152,28608,5.773002430636659,36,1,40366,18.706005161711417,0
153,45080,19.941633608255984,36,2,70513,26.821427138447106,0
154,24514,9.655353927503349,36,3,45431,10.046470209542251,0
155,22286,13.30698711251861,60,3,35644,25.25098646134177,0
156,29931,6.9084184480121005,36,4,104860,28.054567631720666,1
157,13451,12.177750715866072,60,3,87725,13.524868546910067,0
158,23416,9.017171144901491,60,2,58957,17.349085852633017,0
159,41777,9.839597899053167,36,0,55598,21.340691064921877,1
160,16049,5.4128906459605055,36,4,142312,12.900997789932456,1
161,13112,11.494626379126508,36,3,139408,15.393113764744697,1
162,20311,12.594058134701806,36,2,67641,20.092317898558147,0
163,19523,15.130835877502584,36,2,146419,21.154590071578625,1
164,23695,7.381126830274463,60,1,112433,17.40496086354478,0
165,35158,11.860694890390949,36,4,62054,17.078511061076295,0
166,34016,19.871488027033614,36,1,45848,19.920468863832987,0
167,26606,15.455612565496361,36,0,132776,20.03382884437481,0
168,25035,10.061295007924558,36,1,98147,29.127570676589258,1
169,49072,18.012346470725518,60,0,62885,19.175396387151647,0
170,24200,19.381550444008866,60,1,103935,10.752394715235251,0
171,10395,5.065285886602977,60,4,40766,20.982129175069666,0
172,15824,10.78749690176825,36,5,87218,23.485398286950698,0
173,39683,15.77361250121883,60,1,34077,19.058088505996157,0
174,49765,12.014219774444328,60,5,82893,13.449941480556776,0
175,23948,5.530144032156235,36,3,48664,24.59000976803621,0
176,8139,15.294683881137106,60,5,71479,14.64010741295803,1
177,24599,11.321111860100489,36,4,147474,19.43968064821708,0
178,29175,13.321028626662809,36,3,79564,16.661801643324914,0
179,34776,15.700719487452464,36,3,32744,22.382807948929678,0
180,42380,9.604379656827552,36,1,92608,19.294021023955167,1
181,11526,12.652817697316642,60,3,50083,18.376186970233974,0
182,49563,8.665843376506137,36,2,46241,15.39427001525522,0
183,8459,19.403423129457416,60,5,102957,14.09675862349153,0
184,20588,9.230581702318485,36,1,133523,22.976216836861063,1
185,25798,11.376464936123798,60,1,133295,22.258591261570334,1
186,25865,19.632886391154827,36,3,125739,11.539712790753677,1
187,13808,11.642621238902127,60,3,129978,11.255358809499004,0
188,46732,18.74682346692834,60,0,81373,16.493714089246204,0
189,32235,10.201744622841233,60,5,65305,26.625152476680668,0
190,26656,14.343669114687314,60,0,41934,23.153125780182968,1
191,5030,8.80347836852562,36,3,141475,12.123742512885887,0
192,48997,16.991442011801027,60,4,126193,20.799441606607566,0
193,8089,9.192370069285392,60,3,122605,18.19117869299886,1
194,43777,18.821842386577153,36,1,130714,25.85710574233608,1
195,10552,17.994243154574555,60,1,59041,10.211605374142362,0
196,8954,12.193414805423068,36,2,105533,13.716277221404772,0
197,17868,16.5419878592752,36,0,63334,28.140666894247893,0
198,47176,14.436467561682687,60,3,36341,23.875024726076344,1
199,13325,13.77962395005783,36,4,113238,20.293324938705965,0
200,45541,13.454186575740973,36,1,61411,24.429731987182503,0
201,45839,11.4509401444775,60,5,78765,17.79584201184295,0
202,29568,5.104613804454564,60,5,96643,17.621526828049344,1
203,48215,15.898724693177959,60,4,99229,27.02430359880895,0
204,36348,5.576823234893464,36,3,122295,20.49745792547878,1
205,42627,16.427675129485245,36,5,120596,19.016963506185824,1
206,23467,19.58565210167155,60,4,137169,21.25597672166562,0
207,11816,19.34668923277173,36,0,86068,13.5247950106253,0
208,25006,10.960252293031612,36,2,53681,26.676712410838167,0
209,10120,8.114395326184727,60,1,52756,25.019665632352893,0
210,20102,14.030980607863036,36,5,70717,13.424439951496467,0
211,27243,14.821965965772842,60,4,68905,12.982562538189255,1
212,10188,10.38100446600079,36,2,103524,16.68817476692137,0
213,17307,14.900139948501664,60,5,91408,20.364716798526135,1
214,35763,16.64708191166143,60,2,98264,29.22451334762479,0
215,30978,9.065559418408219,36,0,81540,23.458713229411217,0
216,19225,19.048218895513976,60,3,102464,27.368838570819506,0
217,47192,18.32194268833078,36,1,114281,16.54734258273054,1
218,26144,16.348680685754662,60,5,148191,25.624998946028526,0
219,11276,17.22780573561323,60,3,101687,20.027574596006673,1
220,28725,12.045210398766056,60,0,95856,27.53323815876253,0
221,39736,6.580338440296625,36,4,110510,18.94252110156081,1
222,43231,7.803521562666589,36,5,100230,13.604271522693661,0
223,33038,5.740944289279428,60,1,55696,13.60351435083544,1
224,22165,8.578714561132834,60,3,41362,21.708750366939572,1
225,6359,12.080020367144055,36,0,121248,26.75040424599675,0
226,49304,11.98213622372295,36,4,149325,12.21101517567929,0
227,32424,18.719778371469115,60,1,116915,16.251837979201685,0
228,23064,15.479534595295489,36,0,37847,17.490365439687963,1
229,9744,6.201623877794345,60,2,119057,26.68689796047805,0
230,15030,6.154792831539904,36,5,143862,25.173441673081026,0
231,25717,17.385153220876077,36,2,31671,22.965257343771405,0
232,39135,9.402473159133244,36,3,132776,10.460980258582552,0
233,35581,14.895748548013591,60,2,68650,22.45263256174062,1
234,15034,15.062960661903666,36,0,147532,16.227221751794822,0
235,47193,13.853228512648364,36,5,100680,10.604284106774509,1
236,18361,16.265330387672805,60,2,102866,17.182901165837578,0
237,21619,5.450918496801888,60,5,135925,16.35484208950846,0
238,14334,5.516495874817269,60,0,145215,14.099153440174167,0
239,39246,18.675812599506457,36,0,50893,23.79043584633301,0
240,31430,11.449543574035102,36,4,138796,23.102068069199284,0
241,6307,17.656389716818083,36,4,55411,27.288166407245974,0
242,48162,8.752466838951786,60,0,56777,29.523026550847547,0
243,14625,6.052932806953857,60,3,85977,21.035855551186163,0
244,18536,15.551965978461396,36,0,132672,29.58895882947259,1
245,13336,12.536345286715836,36,5,115822,23.4781622972415,1
246,47773,18.255169147571856,60,1,33854,21.85156224780268,0
247,49282,13.807179658593812,60,5,113402,24.2259742047692,0
248,11750,8.068590774551911,36,2,90323,14.374702914808896,0
249,28900,17.666461820828555,60,2,138794,26.14728362831259,0
250,8686,16.849528365277884,60,5,141361,23.934044654905676,0
251,9362,19.518384052036524,36,5,145573,22.422385491491845,0
252,24362,12.587502300966213,60,4,93645,15.009312519095005,1
253,35048,13.306266507392518,36,2,52255,23.92955322754031,1
254,18825,8.957217151848887,60,0,88929,17.936149798670336,0
255,38854,18.9805157246643,60,0,36417,13.616795556841293,0
256,10052,8.788709159385714,36,1,95263,14.206568791128484,0
257,9917,11.188890637372808,60,3,32286,17.645980642462458,0
258,19452,13.097053440334422,36,0,45404,11.666619838170417,0
259,48978,11.417803147492464,36,5,90779,14.64306614813996,0
260,8821,10.690634878727378,60,2,45702,10.715532352329145,0
261,35426,14.896125085281778,60,1,39338,21.942002408063228,0
262,42018,19.98763610018528,60,5,71353,10.449660935765815,0
263,23983,18.047558112373128,36,1,30315,13.261709568429467,1
264,28532,12.073521630544725,60,3,122985,26.557996618328932,0
265,28053,18.929423220677386,60,1,120805,11.587021477640127,0
266,9234,18.302941516515357,36,5,78066,13.196951131113185,0
267,19509,13.202001768110511,60,2,120735,13.770335015083187,0
268,18735,9.671523054386135,60,5,73059,28.62426213537654,0
269,34999,12.989572767770127,36,2,115794,13.258434484501986,0
270,17770,12.892945373620876,36,5,97686,27.05593631079781,0
271,9530,6.178972220836224,60,1,90279,16.851078869567996,0
272,32896,14.369369037829395,60,2,47834,11.193206950673032,0
273,43481,10.636236451312206,60,0,104691,12.889640269389844,0
274,25529,13.852886943721185,60,4,90951,23.490577930851465,1
275,40116,16.747822841054326,36,5,105030,27.63398508229278,0
276,33706,17.265314156513142,60,1,144817,15.156146362340664,0
277,15079,7.0704457829553995,60,2,118286,11.700699942564421,0
278,5504,10.102157243909371,60,3,83910,26.82036542218093,1
279,22209,13.141985564557926,36,4,129774,25.692765473453203,1
280,28896,19.17631709683971,60,0,83700,11.431027479583538,1
281,39716,16.795781589789215,36,1,53345,18.12880015529537,0
282,17962,13.6721442943041,60,5,35408,13.513622961284756,0
283,28624,12.887917668913424,36,2,127413,28.885899309162784,0
284,24323,11.702373332264356,36,0,127977,20.75226906983539,1
285,10137,7.608321914307597,36,4,144846,17.52870719621557,0
286,41385,17.710809231662395,36,3,61285,15.638165296593415,0
287,15131,6.870019152679946,36,1,87921,15.148399398499004,0
288,22900,9.182605383621322,60,1,41765,28.42922790560969,0
289,25273,19.85493661265543,60,2,37133,17.681287563678957,0
290,11922,10.440518374909464,36,4,33226,26.91576417840656,0
291,49561,14.748343161986927,60,2,52016,21.250412554282835,1
292,43486,6.4977081021289775,60,1,139403,22.298631226681625,1
293,37336,11.355214859102308,60,4,99220,25.802335943500303,0
294,42053,17.956611624256,60,4,89208,20.59404876708698,0
295,18829,5.116547020569927,60,4,102780,24.795978116790312,0
296,25809,19.180713314633348,60,5,90508,20.845701340751415,1
297,5869,10.175805150172243,36,5,74993,27.213916243722636,1
298,21201,15.263063853977835,60,3,80834,16.105155558402465,0
299,14814,16.13901351921391,36,1,100137,26.265004058577453,1
300,44710,16.97150384748357,36,1,103533,10.811780393336015,0
301,17691,18.996566064540957,60,2,129181,25.45433182441133,0
302,13989,10.259719053003325,60,2,135496,22.565017901106728,0
303,21479,11.83041879255698,36,3,36427,18.422173000766485,1
304,21766,11.391971892394846,36,4,61140,15.801393678233428,0
305,24839,17.778012058641238,60,3,131520,16.02506865678592,0
306,45648,16.255260776280615,36,4,56406,11.916981042047944,0
307,48621,19.90072916746348,60,3,98402,19.9369009486732,0
308,33556,10.891705160127204,60,2,123506,11.643232634181757,1
309,45957,13.9043040067337,60,3,71616,10.871129224723695,0
310,31384,9.34842923523322,60,3,108691,16.56818865439397,0
311,9758,12.856637815833132,60,0,142978,24.288623379156512,1
312,15854,11.151724382166325,36,4,92271,29.329056641215363,1
313,23874,7.435039246283908,36,3,62202,28.166075120252817,0
314,38125,10.509431466462273,36,1,104555,19.18588156167744,0
315,47649,11.514165840791524,36,3,68733,15.988424184358523,0
316,13111,14.805396276339952,60,0,81279,11.694485434687323,0
317,46813,8.369166172862544,36,2,35257,12.639844304514753,0
318,24791,18.74589828951865,60,4,119526,26.194009913400258,0
319,41217,13.26116108154819,60,2,113492,14.88110823532625,0
320,24561,19.849370877001988,36,3,105216,15.673923480085792,0
321,44213,10.944369941552587,60,1,77419,11.356912133840655,0
322,8155,11.04398418763378,36,4,94071,26.535410315292957,0
323,9548,11.789294961724558,36,2,56503,15.397858301312777,1
324,31578,10.35710404037543,60,4,77284,18.722747023493344,0
325,43703,8.169839069459147,36,0,122109,27.59671264067756,0
326,28409,15.492207308846753,60,1,41724,28.2888457271665,1
327,24906,8.799920964027287,60,1,31645,22.613235180266376,1
328,32261,7.459701456879904,60,5,106233,25.527216045217397,1
329,10776,13.282838530107496,60,5,57104,11.146768077120122,1
330,18975,13.025999302755231,60,0,105531,26.584104756858864,1
331,33542,19.819651302729177,36,5,43497,19.42349157980084,1
332,34181,10.85137748304837,60,0,79513,23.023976228534693,1
333,5163,11.279635319037535,60,1,55459,17.03328955949501,1
334,27037,12.759424003257324,60,1,51977,15.735326144762814,0
335,28335,18.71715593952743,36,0,51907,13.631410853470722,0
336,35564,6.649082558832212,60,5,51186,18.01868535503705,0
337,26553,6.170056452844754,60,0,69099,17.830835304650524,0
338,42507,15.667193173769535,60,2,139544,29.904106628888073,0
339,48117,15.926090237086536,60,2,98054,29.519956210285706,0
340,37856,17.59223583889144,60,3,81869,22.527733361665952,0
341,5572,15.636406715318955,36,3,119039,16.54744240140225,0
342,11689,13.83537137283308,60,0,98347,10.348684140834317,0
343,24833,9.965425829228913,60,1,120109,10.881503588945783,0
344,26527,13.17637753031714,60,5,104024,18.00939657894164,1
345,13069,13.799277617108146,36,2,97159,28.44139091399428,0
346,22004,7.6203507912309565,60,0,61582,23.67983616727203,0
347,40471,13.058008714628986,60,4,44340,10.652234390444448,0
348,18997,10.238747708946462,36,4,96909,12.008222620855346,1
349,20527,9.736983865753706,60,3,139102,19.884061324649224,0
350,28206,5.307309644416927,36,3,99181,16.357208760607943,0
351,21370,11.93183519223431,60,4,129331,13.598041407965166,0
352,49470,18.615106895429818,60,1,56375,28.48099846545165,0
353,29336,6.719940672259778,60,2,110445,13.611132384705058,0
354,14843,14.750611362528987,60,4,50864,17.261263257744677,0
355,48642,6.535274343200756,36,2,58101,15.138896459622773,1
356,11062,5.5123629829294005,60,4,86059,19.551661569100272,0
357,8484,10.069907641887626,60,3,101428,20.2983208514918,1
358,29237,16.86139636050129,36,1,129817,17.728728648419796,0
359,44881,13.008573069252318,60,2,102118,17.071181897935904,0
360,46277,8.25793235118895,36,2,66914,20.214065470485547,0
361,49408,15.805200672510807,36,1,129568,12.450809825237021,1
362,8844,11.118976112100038,36,4,93038,15.304752565512938,1
363,28557,18.176998464340784,60,5,110874,19.42308740256203,0
364,32149,12.758665447098181,36,1,131571,17.740545811098016,0
365,24617,5.473390878891772,36,3,72562,21.31866882328724,0
366,48193,7.567849257838596,36,3,97899,21.485346046186645,1
367,30963,13.478455101943764,60,4,73540,26.972091222916934,1
368,45808,7.115302232806764,36,0,62090,11.27623916847358,0
369,36034,16.980034603512806,60,5,137163,22.722718164496094,1
370,11831,10.203874964084903,60,5,65467,18.304712235706326,1
371,25966,5.446612941687037,60,0,107287,26.059662749827396,0
372,21970,18.341924874688264,36,4,148761,21.745772465881576,0
373,13963,15.751214711826,60,2,49262,22.67242387239442,0
374,38401,18.90070355604881,36,3,146953,18.43438373252915,1
375,46372,11.408971931654513,60,4,136483,20.718889802978975,1
376,35968,6.235006227961632,36,4,71879,25.49439404074269,0
377,31568,19.119467175804623,60,5,131227,16.533484685875216,0
378,37613,7.193885050123181,36,5,39446,27.220035129280095,1
379,40264,7.269032207258585,60,4,95745,18.61756335367757,1
380,46937,9.181709315641402,60,5,114180,20.09552257929102,0
381,23494,16.718433927776438,60,2,71669,10.640285135134409,0
382,13349,12.801618885271818,36,1,41855,14.052471110456073,1
383,45151,17.175703138862705,36,3,35376,23.737879471727744,0
384,36682,9.535349763880056,60,5,60176,26.388564335107706,0
385,33103,10.114665825015852,60,4,127220,13.105533969947675,0
386,37323,7.0499312794442535,60,2,86066,15.558571573515128,1
387,16805,18.013758011333643,60,2,61200,23.73682388276794,1
388,29643,18.96033574266448,36,4,103061,12.741487379367594,0
389,20668,15.398622533233914,36,2,137102,22.595281272604254,0
390,47782,10.747291135757536,60,5,47089,21.671834615526137,1
391,48651,16.01336942791294,36,1,121188,10.755364788891653,0
392,25255,10.094006096682804,36,0,136690,12.919729893075793,0
393,12938,8.19536194991564,36,1,111485,25.9616397723612,0
394,12486,17.21108257891117,36,0,44891,15.434260494134701,0
395,40386,12.211005477097075,36,0,78901,17.787200805075834,1
396,32191,15.161678900910363,36,1,48085,10.741991512282942,0
397,26668,19.0199550675221,60,4,129712,18.121410738695836,1
398,8342,6.667745154095233,36,4,85860,26.197725764365305,0
399,39714,5.981506003260339,60,0,135038,25.01208285862929,0
400,21427,15.055775712084849,36,2,59644,23.38642399317229,1
401,42157,6.299101864622479,36,0,52851,23.840688603805518,1
402,47267,9.335987788723825,36,2,127756,21.699998141628736,0
403,13823,10.93506918644623,60,5,130277,14.63499183285614,1
404,37832,17.91259757989362,60,5,149370,13.959809635394937,0
405,14486,14.779408661074518,36,2,117816,22.012442814635648,1
406,24015,17.48291925240541,60,3,70970,26.345998638756274,1
407,45076,6.5796144260705685,60,5,65018,27.22432840979253,0
408,26991,9.551975649851727,60,4,79325,23.957094044263716,1
409,6549,6.793214354078894,60,0,131215,22.413170539776996,1
410,7488,19.6518846621277,60,2,120446,22.699225183218417,0
411,34092,10.054458590901541,36,3,90609,23.54190178112244,1
412,49083,5.232500692112701,36,2,94533,21.840293904450604,1
413,39554,17.856335751402145,36,3,52273,25.778673130581872,1
414,35509,13.307749344391354,36,3,76041,11.995013625480288,0
415,24313,8.306476527702369,36,2,32524,13.971702967617475,0
416,35708,17.394053624745624,60,5,130473,23.936161534762856,0
417,9994,8.597198995058271,60,4,148415,24.833834547950023,0
418,39864,13.99764146770896,60,2,138987,25.459473690517907,0
419,9379,11.483537496260158,60,1,137480,18.48825352091255,0
420,44428,12.710971516247376,60,3,129068,29.518519846176712,0
421,31038,8.805167054346114,60,1,72799,23.61058256149326,0
422,45105,18.04432751086116,36,1,58729,11.75920990713805,0
423,46558,17.01564660660747,60,1,43048,23.597473436037667,0
424,42312,14.481556130330356,36,3,60102,19.25034863784395,0
425,43004,17.25766399300815,60,3,37617,15.339032854928348,0
426,43127,8.159103526628137,60,5,33923,25.841780340121367,1
427,14078,18.70827398868392,60,4,37439,28.867615148509625,1
428,25777,17.472984410791387,36,0,41735,28.891213116890913,0
429,36517,6.099671052751765,36,1,38860,16.45168659392215,0
430,14806,10.049020850927057,60,1,100748,19.180766337994662,0
431,6306,8.777929832440112,60,1,34605,20.4126506220127,0
432,35553,19.701181337644094,36,3,56285,19.597114949343826,1
433,36296,14.928230965620651,60,5,31065,28.21672934437711,0
434,16194,12.876712243929653,60,5,90776,18.27530910511535,0
435,12868,17.192444110063263,36,4,106913,14.252025422938088,0
436,15617,5.827971010023126,60,4,148697,13.401973046246225,0
437,43121,13.238433369112437,60,3,34660,28.106591365247755,0
438,30911,19.74818056831338,60,5,122694,28.369964775575447,1
439,13499,13.296566032025263,60,4,80664,28.7276155034287,1
440,38002,14.766788428430097,60,3,141700,17.194696518432785,0
441,28182,17.231020149663856,60,0,38401,12.978263619542025,1
442,16061,18.068138386332226,36,5,58912,26.416914383641302,1
443,37097,17.099116952639413,60,4,94203,13.928654412141965,0
444,46165,14.544771671358847,36,0,74858,26.32587993138417,1
445,29259,6.906109181504351,36,4,121866,16.648382031590064,0
446,31273,8.788730569922528,60,0,147646,24.214289550720515,0
447,15824,16.328233977201364,36,5,119223,13.657638199256922,0
448,28338,8.390283297911644,60,1,119472,11.121847562325403,0
449,14705,19.858707675861922,60,1,67696,13.246043381064137,0
450,10408,10.981805546598427,36,3,30441,12.289249257379629,0
451,10712,6.871470969624257,36,2,138347,25.687420934956407,0
452,20897,17.116618172047723,36,0,67971,18.438478183431776,0
453,33211,6.983770223069715,60,2,62699,25.472059098955953,0
454,13117,17.216078758616298,36,4,147781,14.471455944414851,0
455,44738,11.799521255910557,60,0,53545,11.190323366469988,0
456,38771,11.788364714931587,36,3,117300,18.60740836907762,1
457,38270,15.264085230163836,36,2,58613,17.675666858710834,0
458,14303,11.5184393266954,60,0,49069,21.893141810329322,1
459,9634,12.679019719533855,60,5,113752,23.298549570919782,1
460,39944,13.56626770605038,36,3,95408,29.67508704568802,1
461,32771,13.947459024552462,60,1,44675,20.777375723740263,0
462,10482,11.031583298680644,36,0,36595,26.704851626466436,0
463,46323,6.9068273081784435,60,3,131053,24.619787386299976,0
464,18287,5.60891322617151,36,2,46052,26.012414921795287,0
465,37399,12.073393762170756,36,3,68786,22.57799834439635,0
466,46643,18.118664568474614,60,4,64333,21.701800030221452,1
467,45430,15.72756837578287,60,3,43261,17.285315999474477,1
468,9953,18.218585150010504,36,2,63560,13.876220497671435,1
469,23863,17.27481770655993,36,3,121173,27.268180063183596,0
470,39385,7.315761623862527,60,3,42049,21.140024383854236,0
471,24180,17.178942006005407,60,1,143170,20.448584655099925,0
472,49798,17.96756230196292,36,0,123893,23.84721326418858,0
473,17388,14.754427011161724,36,3,116309,10.258787680439633,0
474,20316,17.840749688594013,60,0,90614,21.59137244076901,1
475,20220,6.6774986429531165,36,4,104726,17.58161040073662,1
476,41894,12.690233835075059,36,2,40640,17.348149607170107,1
477,29955,14.03089832142152,36,2,89456,14.74735484872607,0
478,30165,15.500640047416962,60,0,132851,23.843391118016584,0
479,38554,14.389449535471519,60,5,78681,25.55746063748156,1
480,20280,17.19550485252755,36,4,63994,16.066688828690307,1
481,20859,14.569155912973637,36,0,123860,10.832832188652322,0
482,38472,18.15598393827476,60,0,135949,17.288707150252968,0
483,9967,17.477451261480873,36,4,94166,14.605491951684296,0
484,10433,8.328286783037822,60,4,121096,21.41135254304796,0
485,34287,10.148902914991968,60,4,76616,14.780529646847633,1
486,20024,8.092166579143845,60,0,118627,11.432474197947275,0
487,14783,11.127604773771193,36,2,48813,15.721594997181406,0
488,34093,9.6431822489029,60,1,38489,16.78614281258579,0
489,24751,7.853077630935697,60,0,57246,10.732411514748083,1
490,42918,19.79794722234636,36,4,142886,13.600703452708823,0
491,39282,12.746218104936112,60,3,145214,28.005974969849362,0
492,19632,12.250382314505963,60,3,136072,23.509817175251246,0
493,8104,6.962350323695672,60,2,134009,23.630654834061637,0
494,21118,14.732256193001193,36,4,51462,27.89742530083356,1
495,15602,10.0266394718704,60,2,113124,26.33224103007963,0
496,41272,7.933544060870682,36,2,83913,10.641143651810413,1
497,35866,5.555510154963664,36,3,101331,16.962534038346558,0
498,33948,16.863629973411015,60,3,99894,12.589813243958798,1
499,47845,18.65233507540462,36,3,111744,26.850364014669744,0
500,21927,12.744174637918533,60,3,43612,13.714695721019437,0
501,37663,15.489810124403828,36,0,72171,19.97261481871616,0
502,26072,14.601440535619302,36,4,121458,22.953854536787265,1
503,34986,7.999948169087796,36,3,124471,27.174586361319516,0
504,25397,9.822122749723299,36,2,86589,15.115789683066952,0
505,25899,10.637385939331413,36,4,86579,21.682792232739047,0
506,39851,10.568260889261415,60,3,138469,21.986001143630453,1
507,42373,8.275706612092314,60,0,69760,12.924821138705543,1
508,42568,14.341129086266685,36,5,31383,24.629174659773007,1
509,26044,16.090728366071943,36,2,113374,15.764070799240288,1
510,34821,16.781909357621036,60,4,126248,26.84864248284272,0
511,47850,5.398870030738313,36,1,41047,17.44018981172547,0
512,15946,15.742767553652513,60,3,107808,13.663925553490195,1
513,42618,6.8325094392895185,60,1,129985,26.84346118614179,1
514,48501,15.725727144897906,60,3,33868,20.491532892457176,0
515,35900,6.698952889683223,60,0,49443,27.044378672418468,0
516,31695,10.704361876434957,60,5,138393,11.898843236788375,1
517,19989,5.830092279233555,60,5,79615,23.514000664242843,0
518,40735,13.665029740496607,36,2,130976,16.74925542015474,0
519,25860,13.961519924189178,36,1,113583,22.394214618281993,0
520,35415,14.034702508287227,60,3,118975,15.458725255274215,0
521,15357,10.524474505309419,60,2,77093,29.768389065215583,0
522,29864,11.709042047574378,60,4,148310,11.686271310317164,1
523,30915,17.25892668988142,60,0,53981,20.499417816349393,0
524,39168,11.022525382427212,60,5,115441,25.178768623422933,0
525,35299,9.414356041355987,36,4,30310,20.477440823850905,1
526,49713,15.79984146228196,36,2,43749,14.185380376771326,0
527,43680,15.554734322104494,36,1,101496,15.68336592346558,1
528,46815,18.162377501168365,36,4,92209,26.00309753898728,1
529,42735,6.7605274785877665,36,4,118863,20.26463798568611,0
530,41837,14.547336820234348,60,4,56130,14.977867777711563,0
531,48689,16.065103685857213,60,4,133731,17.892161501940873,0
532,29922,19.872474841668005,60,2,43232,11.083916977422232,0
533,48550,17.38701204537818,60,4,48436,21.9494725783853,1
534,15308,18.503084172674257,36,4,65985,25.148155992239147,1
535,17801,6.848302959949549,60,5,99498,15.93160270308265,0
536,27618,19.1652328031511,36,3,126823,19.99825934839919,0
537,49407,8.198020760560345,36,2,99391,24.821151113963165,0
538,12902,9.638426218289386,36,4,61386,14.510611691629036,0
539,39583,16.19813210259003,36,1,117220,15.73820077867714,1
540,8479,15.703030115169518,60,3,66898,11.463309884884016,0
541,17939,7.467412931006938,60,3,107731,16.370258211181586,1
542,13486,16.103668350547608,36,5,77199,16.588427568410502,1
543,32469,10.711176634543222,36,1,134307,26.39201864882942,0
544,21991,18.730887806056558,60,2,100581,25.287769017239725,0
545,33556,13.455092012728779,60,5,111614,10.916644105552706,0
546,32793,14.041141929989047,36,1,63204,13.687827410624053,0
547,43277,16.96756886944766,60,3,130883,17.046368917253666,0
548,33663,12.07011922169962,36,4,79356,15.16069162478864,0
549,48207,9.546394516768284,60,0,132681,18.29137375544713,0
550,27670,10.037894675781011,36,1,117856,27.73778606858525,0
551,43838,17.8321120321357,60,3,67895,16.17510408709232,0
552,40006,9.974910217750807,36,4,36718,14.110024349157236,0
553,30001,6.218444959808676,36,4,83237,24.082118755976765,1
554,35329,18.670699702243613,36,4,100059,16.146465231155485,1
555,6076,12.755364640856214,36,3,112680,19.004311378348923,0
556,15162,11.463586434849049,60,3,99780,25.79810388081639,0
557,46193,15.806967072330703,60,3,138052,27.47511748220248,0
558,9631,19.46319134794803,60,1,32981,24.44465008046164,1
559,27004,10.879710237524943,60,2,75567,25.0455894136472,0
560,31387,9.158591590788395,36,2,121172,25.921618040818093,1
561,13575,8.862045311737488,36,4,136762,11.536036229053842,1
562,46121,5.400436039715329,36,1,73706,27.16920109137183,0
563,12837,6.340550835298015,60,3,54749,15.329198428961334,0
564,20623,14.636156203613396,60,3,134394,24.459239286840653,0
565,29838,15.877495950186766,60,5,86769,19.913866093804636,1
566,20922,6.177823498424154,60,0,62657,18.404240613098388,0
567,42468,16.801020797266393,60,0,37399,23.756191272839807,0
568,48136,12.113757276917616,60,2,105453,29.633663238680793,0
569,8907,13.512584759196464,36,0,93864,12.542837163509962,0
570,10486,17.783960025365335,60,1,71536,12.322848711613277,0
571,6775,7.920161699104371,36,0,100345,29.53276773787397,1
572,14580,11.126893745484747,36,2,115557,10.685709016168015,1
573,41069,13.304898063012708,60,5,124855,28.7838694037451,0
574,25755,15.928305611207698,36,5,52309,25.898554249630358,0
575,45679,17.50226695947106,36,2,119333,17.879761717199216,0
576,22551,6.78028834410763,36,1,34411,23.78837009155244,0
577,29411,7.129691024067886,60,2,107423,13.28704651015049,1
578,12766,13.308247175852042,36,1,123893,13.179377635528724,1
579,13609,19.25514609312613,36,0,129615,22.785517683063638,0
580,23258,8.6691372888579,60,1,117550,17.077470782373616,0
581,5641,5.066496130247303,60,0,148491,24.02595397476476,0
582,14745,10.452848228979098,60,3,101020,21.09066583197673,0
583,44846,19.420829650361142,60,4,61368,10.002278970990218,1
584,40593,10.52146770838506,36,3,107582,15.913985886789618,0
585,12153,9.902950450382765,36,3,83502,10.620453438871673,0
586,17210,8.34808601593859,36,3,74345,21.974063415544926,1
587,43490,6.151332665909653,36,5,38375,24.08865492982396,0
588,36347,7.1475854492862805,36,5,95564,10.252453064166412,0
589,16790,9.974674713658189,36,1,48197,21.492161651387732,0
590,25356,7.910619944459687,36,3,75598,27.979427201802185,0
591,39322,16.688871056990806,60,1,105068,21.34913590884086,0
592,11762,15.0160322695795,36,3,40748,13.01486597573752,0
593,27273,18.73591516510055,60,3,109067,14.935801567140485,0
594,21347,8.23473858417497,60,2,35667,27.997867831346806,0
595,49908,11.64226971415946,36,2,70494,16.029415090762242,0
596,7950,14.782606606196994,60,3,148615,26.461442192568953,0
597,11788,18.986939793304785,60,1,54119,20.833643865001413,1
598,22909,14.128831171345526,36,2,120233,13.103314467032073,0
599,30759,14.230540933638519,60,5,105629,20.22252002881178,0
600,42715,11.413406245685566,60,1,130180,29.97620137418155,0
601,5425,14.064420164437307,60,4,65790,20.616422312294276,0
602,7897,16.29387601300742,36,1,104028,29.331049076318948,0
603,8807,9.303952238226428,60,0,104870,16.203747382145984,0
604,45249,11.006754312990003,36,5,56210,21.086952022852724,1
605,25948,15.546684616445923,36,1,49743,19.458523862056442,0
606,30506,8.287231857820732,60,4,63518,11.614151468715487,1
607,40566,9.719099184476232,60,5,40724,18.96836313092624,1
608,38367,8.505771210351421,36,4,106408,21.758370689861245,0
609,37320,15.784765927702114,36,2,72058,11.668284234550173,0
610,15918,17.53388266539606,60,0,128249,16.368672106672314,0
611,26599,13.722066007341384,36,3,30650,15.96921466077971,1
612,31785,19.507620808075657,60,0,140678,18.528071971036724,0
613,38133,7.441755926962752,60,4,133905,22.575283686931275,0
614,19948,17.655577725582233,60,2,117834,10.285312156184606,0
615,47200,19.186105476813225,60,4,64235,14.410135903566596,0
616,29444,15.636596155752283,60,0,78949,18.434769765471625,1
617,33984,11.422743122912479,60,1,110899,26.29310547990235,1
618,29285,10.392163252496065,36,2,128467,12.670385135622464,1
619,46772,18.028323833063077,60,0,87452,23.896787450854017,0
620,18180,18.257167572257607,60,1,86892,14.76532682682631,0
621,16253,12.92329520849909,36,1,60769,24.185387563789856,1
622,40031,18.913954358643082,60,1,87765,28.855163100191326,0
623,25748,12.48543494809844,60,3,47475,10.690809735276774,0
624,40404,13.84845673701489,36,5,131694,14.259514050571408,0
625,28395,7.5781503462461055,36,0,126775,18.98621012768391,1
626,42413,19.688892771315817,36,4,131944,12.585339365263572,0
627,26691,16.381394588511018,60,0,85788,17.08697246990455,0
628,28690,16.386647217620784,36,1,35149,10.223197807916337,1
629,37358,17.214645475098393,36,4,34846,16.381190626670502,0
630,33099,9.12500612412683,36,3,76873,29.161538109289936,1
631,30854,19.937658256421805,60,2,52986,13.433209599665128,0
632,10182,16.578625013481222,36,1,147203,29.558532561660513,0
633,46268,14.013948132010222,36,2,69306,19.47848390940401,1
634,28015,14.494466098579649,60,3,48426,18.881962007906154,0
635,19698,9.429330203987153,36,4,89268,26.601130179741133,1
636,31424,19.390236568043953,60,1,43505,25.00653756331525,0
637,47047,6.271480421263156,60,5,68354,24.615890354113674,0
638,40695,10.982575180017722,60,2,110238,15.666319513734038,0
639,9839,6.027323829855746,60,0,64474,16.481362216663836,1
640,41187,10.76846861177528,60,5,41452,12.51836898362624,0
641,31019,11.491913756164175,36,1,69989,12.672924675137882,0
642,18374,11.983242168234343,60,4,128766,19.661509197416727,0
643,5249,15.93894706931497,36,1,140571,20.23150717046933,1
644,30317,8.518599684502268,36,1,95247,26.710661606174796,0
645,48910,9.611400447150102,36,2,102414,20.95163773417658,0
646,44849,13.021777672442731,60,4,132268,17.654329570452735,0
647,6546,13.365694511193452,36,2,137099,19.055461129037546,1
648,40313,7.502122025088847,60,3,39322,26.76116675284399,0
649,11101,13.440756443116326,60,4,129517,16.11428840052259,0
650,7437,18.60470290504335,36,5,120674,19.83620069002975,0
651,20722,19.20584806937248,36,3,45736,24.92124950156902,0
652,21532,13.827605759056235,36,5,110353,25.703019391331306,0
653,12901,8.04337867812717,36,3,57510,21.253828475006184,0
654,32918,18.91364820488508,60,5,117091,23.512554723912736,0
655,22506,11.393401030600657,36,4,90970,26.672101508022728,1
656,46004,5.095105297481858,36,2,36209,29.112847890687664,0
657,32002,6.858290527143678,36,0,93833,26.065079559840623,1
658,11196,17.531362737245765,60,4,125040,19.603885125540195,0
659,26033,8.308192907083196,36,4,138644,14.038312999092131,0
660,21913,16.57599321250628,60,3,56446,27.12555406478589,0
661,32068,16.349298183393877,36,1,77956,15.72918653135651,0
662,42776,16.059822673688736,60,0,149247,28.954275316153126,0
663,35124,7.958232715543293,36,3,69371,18.89413694278929,1
664,27623,11.237598521516448,60,0,105440,24.198694395219636,0
665,5519,9.263743198591655,36,3,59985,18.50892983762245,1
666,45572,19.17578124330059,60,2,74999,19.858171810522386,1
667,48349,5.091664225234889,36,2,95621,14.503518550379418,1
668,12104,14.405399149798797,60,0,54886,21.161857134430207,0
669,25909,16.710442288604995,36,4,147973,21.22083864460854,1
670,30510,16.527266593572065,60,1,107739,19.500462435325137,0
671,49773,12.194829277475504,60,5,113282,12.770055248863589,0
672,26332,18.02387710207948,60,4,138185,21.03647619426602,0
673,35479,12.951309460808787,36,4,137001,12.497817498866928,1
674,15441,15.571398803732233,60,0,76770,25.73309883910581,0
675,32796,17.193188599132224,36,1,117144,14.729948050009662,1
676,33035,7.053532071038395,36,3,68040,14.497810882299703,1
677,48276,7.367678389043191,36,0,87184,19.56717189506281,1
678,34786,15.00448256646079,36,1,50987,23.74312745404439,0
679,24921,6.429835410705086,36,2,107073,29.29966832934376,0
680,14911,19.738168755591555,60,4,134199,18.361382661867104,0
681,21052,12.082044840388182,60,4,80853,24.977052339709925,1
682,41698,9.118486789853574,60,1,84141,26.064848935733767,0
683,38172,7.640279313250794,60,0,115123,19.43540133846739,1
684,6924,12.78003970963116,36,1,125249,12.443514377748778,0
685,38975,18.01951024943068,36,3,65479,24.000145361108896,1
686,17825,11.572390753237926,60,4,30030,23.663610486871477,1
687,40625,6.294655847871199,60,2,142051,25.76300282118067,0
688,17782,9.815094750681013,60,1,119920,20.280381435761676,0
689,16996,9.67741018786451,36,3,89332,22.503927808230475,0
690,18067,15.807787977198203,60,5,116217,29.918054116154803,0
691,35541,13.593876544929826,60,4,128584,13.058480406556267,0
692,21291,17.350670115034664,60,5,139940,11.253565792264054,0
693,47773,7.42945640250458,60,3,127830,12.17414980860607,1
694,10881,9.331311978343145,36,4,66268,28.830902800794952,0
695,35054,12.216140935976437,60,1,66755,10.326234915175569,0
696,29634,5.4599435847544555,60,2,75560,20.13390564906998,1
697,36923,10.035211719610622,36,1,131282,29.374135396785547,0
698,12773,10.796825843433934,60,1,119342,26.54189363196677,0
699,43565,17.098651468089052,60,5,118779,16.47473857575984,0
700,7464,6.4998568008495425,60,1,59752,24.21483991867752,0
701,15503,16.772429088340743,36,2,84073,27.296745554146295,0
702,36191,8.266863653247864,60,4,125692,10.77196500001107,0
703,43818,17.1018472689111,36,0,51377,15.89427493333215,0
704,18145,8.811495022168813,60,2,110331,10.11564615561267,0
705,11621,15.109150285174755,36,4,42650,16.951626023041584,0
706,40679,18.020074215716285,36,0,86888,25.488078554388444,1
707,44444,19.12659940324957,36,4,77423,27.01675919663016,0
708,11108,7.071582052126848,36,5,57951,14.273097182405852,0
709,16334,12.969587303490144,60,3,95549,20.547113566587235,1
710,43017,18.715785467046274,60,4,127840,15.053570660229932,0
711,15257,6.824783919700689,60,3,74337,22.548448883532046,0
712,11370,11.745838755980127,60,2,88613,10.497855292367602,0
713,37878,17.27233073672315,60,2,100092,29.112228935031023,0
714,31305,5.061322361627573,60,0,121412,28.0720515652415,0
715,34510,10.699194395292213,60,2,38278,20.173667876152876,0
716,38563,9.455040656714232,60,4,123496,27.600602856739435,1
717,21510,13.09604191079902,36,4,149155,17.891363234010637,0
718,8338,15.189147721438195,60,0,37043,27.993244958279767,0
719,10112,7.004627751003783,60,0,94102,14.32683096264924,0
720,47201,18.770231844642296,60,2,140732,19.982867271054438,1
721,43452,15.93727143555811,36,5,82358,23.758827121083915,1
722,39173,17.225590626284873,60,4,44624,29.115598667578467,1
723,42615,17.030027815168282,36,3,81766,16.926003278176054,1
724,46310,6.179532563040965,36,5,39360,24.485682464569877,0
725,17805,14.775094199355122,60,0,72486,28.14221632671121,0
726,30275,10.561645776504879,60,1,71957,11.204775519922896,1
727,15748,16.53043567982739,60,4,34944,26.394910275895768,0
728,16637,17.644666620212632,60,1,122432,13.15974024909224,0
729,11358,12.688654136346939,60,0,134171,11.879655301694449,1
730,46537,7.245793639200694,60,1,76094,18.009994952606515,0
731,21896,11.166602562018241,60,2,129431,15.660816730123505,1
732,11640,18.116089700326782,60,4,80769,21.340547264883156,0
733,32328,5.947634321140742,36,2,78106,16.392948477995986,0
734,40944,5.106166729403668,60,4,84303,27.79077365583258,1
735,9570,8.28186642879763,36,5,49741,29.37874191388979,0
736,48510,6.3434877938389365,60,1,93570,28.62617210824076,0
737,30022,5.221459738663538,36,0,114053,18.426892779367225,0
738,41698,15.67942923826307,36,3,63098,24.442028553822926,0
739,9405,8.285508890035395,60,5,104140,20.305278491161484,0
740,37567,7.3021613591649945,36,4,118458,25.741751998314047,0
741,12226,7.974267335021491,36,3,61657,22.731905163591755,0
742,12649,5.9980756785005775,60,1,69834,28.7798493883963,1
743,48863,18.05522445188125,60,0,55239,13.466132083449864,0
744,43298,12.75708060293425,36,4,103389,27.053743807242622,0
745,48898,11.993416266645635,36,4,101187,21.19782196495358,0
746,27155,13.394758499828981,60,0,86177,25.3199196720889,0
747,18303,9.451018789704813,36,3,82323,17.701813313342793,1
748,33841,6.192820510496364,60,3,71470,29.975329153632188,1
749,17347,19.769487144138765,60,1,53923,14.401695203745424,0
750,6834,14.045690821940822,60,3,84590,11.136378739019111,0
751,42108,11.885079499851384,60,0,138366,12.712277196576618,1
752,18637,11.27638476382069,36,0,36624,29.65880288697432,0
753,15542,15.106948372011116,60,4,66647,12.191011151774616,0
754,34728,15.078272234842256,60,4,113576,22.18551916998413,1
755,38191,7.525980110061835,60,3,128973,18.15290971602147,0
756,49930,16.01999273467249,60,3,111281,29.523515663597944,0
757,35883,6.856990728334068,60,4,120937,18.048584449158184,0
758,15641,19.50527193373683,60,2,116252,13.188506919471433,0
759,14181,16.636897466747627,60,3,132098,13.629291804410084,1
760,47557,8.023750141330504,60,4,129872,26.342752645279024,0
761,32143,11.747763813576364,60,4,128661,19.62333829271863,0
762,49556,11.140356558807062,36,0,50497,22.512345347375003,1
763,22438,18.7219199409828,36,1,79843,16.991259650454328,0
764,12552,5.1389661583245445,60,0,74672,29.499600745917466,0
765,21276,19.959763267568533,36,4,64228,18.583894410960635,1
766,28815,18.21110658534684,60,1,31412,18.908271936246145,0
767,31558,8.386259532878725,60,2,40331,27.696458112290102,1
768,21608,10.22923947697247,60,0,30234,10.651328525061125,0
769,19512,14.114722230044748,36,3,128819,25.107120551364723,0
770,27950,17.218187571273617,36,4,57577,11.691562950775063,0
771,18141,12.307643202116608,36,3,96548,19.27663512962958,0
772,44114,18.110088487445807,36,3,51724,27.582916164897465,1
773,22149,19.721680804636037,36,4,107852,22.42380868488236,0
774,22409,12.626747301865286,36,2,56226,23.652564609388957,0
775,44202,14.724952098796543,36,0,48799,29.47496591848688,0
776,45101,12.414430812380136,60,2,47170,28.808471560273812,0
777,48295,7.801180682007422,60,4,77850,15.827283967142407,1
778,49905,10.405962540124381,60,5,118346,20.527036931150807,0
779,15805,7.446836458626495,36,0,30168,15.176619439760334,0
780,49032,11.78123813748136,36,2,61375,14.2382620700736,0
781,33727,14.41246363586314,60,5,42904,15.604444856983012,0
782,48217,13.271050213548413,36,0,125365,24.831303777089126,0
783,15213,7.296801808216616,36,2,89659,25.958729749493777,1
784,25910,10.103872963413213,36,0,119860,22.792634393063253,1
785,22981,9.991850951896684,60,3,57078,18.28512553528558,0
786,23420,16.09278984625454,60,1,148381,13.042839136189944,1
787,24060,19.520151180705515,36,5,89326,29.799761418481786,1
788,48889,5.623910834831962,36,1,67492,24.635860451976047,0
789,33953,18.582266114791217,36,3,132343,19.77453367688831,0
790,48372,17.27213311391173,36,1,68147,25.377551035543977,0
791,41971,17.3840226608852,60,4,85996,25.09333817530483,1
792,17725,17.516781734204145,60,1,68904,26.47843318829599,0
793,35194,8.999557511189623,36,3,39483,24.449223407975566,1
794,26262,14.301916999426554,36,0,90889,11.009714694131558,1
795,23526,14.241477368273062,36,5,37992,29.56053944549464,1
796,46410,9.28777103156315,60,1,84279,26.403065324038714,0
797,13236,16.36799682173529,36,5,144705,12.346173119429038,1
798,14228,9.810457608552685,36,5,146810,17.53996720312764,0
799,47945,19.58570349925761,36,1,123298,29.01737900992087,0
800,45230,16.54913534917504,60,4,57369,12.0323844808729,0
801,23153,6.336900933618754,36,2,92875,22.750469903481097,0
802,36422,11.887933801356175,60,4,86893,27.0638105709044,1
803,47952,14.216834000225495,36,3,135413,19.432268818294197,0
804,43470,17.418583133076034,60,1,65483,16.79348275376023,0
805,46988,6.100446219359471,36,4,88232,27.46955722656312,1
806,27905,11.470706165620925,36,0,138074,19.17950778294197,0
807,30921,11.015604396079937,60,4,136098,14.071725404452133,0
808,38820,7.180678530115148,36,2,112865,28.842497344129278,0
809,13844,6.268696235749592,36,4,124942,24.868211661855963,1
810,27806,12.174582603643433,60,4,109926,14.706067850466946,0
811,26740,15.458340480772206,36,3,66559,10.440373124408598,1
812,47102,18.041816311296934,36,3,89942,11.07713762143343,0
813,9613,9.091041960584413,60,3,123339,27.447891975891785,0
814,27261,12.670048692184537,36,1,97460,25.3305739420641,1
815,20484,10.565521200662644,60,3,68937,15.340983602804092,0
816,47214,17.283606101170715,36,5,34480,16.576943718492053,1
817,48967,6.975434321973613,36,2,32221,23.447060322232172,0
818,11370,19.70722087245983,60,1,44696,17.640209637452088,1
819,15285,15.308178731209507,36,0,99606,19.36952280084446,0
820,21248,6.090945253798322,36,4,50048,26.941404263072762,0
821,16716,17.27832806832654,60,1,31970,16.44552377360006,0
822,22350,12.150703357221595,60,2,126480,28.66419298624986,0
823,7164,10.195816772170666,36,1,93274,15.498470272829014,0
824,12516,19.761363561173123,60,2,43811,14.722684010542654,1
825,44749,18.94557227535821,36,0,91973,19.163352411012973,0
826,30432,15.008556076917946,60,0,61503,27.375944159923588,1
827,36989,13.075054238940867,60,0,136292,11.653882030738776,0
828,18193,16.39265592272899,36,4,140727,27.472189934897983,0
829,7202,17.140249484205526,60,4,83306,24.409721911425564,0
830,22429,5.603153309530757,60,0,98806,15.982861615958496,0
831,15303,6.416346952738616,36,1,147901,17.78102589789264,1
832,17427,11.592616934988254,36,5,63798,11.556690894088035,0
833,36968,15.416042345107343,60,2,64392,11.80633604761237,0
834,17470,15.765232516666108,60,2,94209,18.894747683138412,0
835,28772,11.340779155927859,60,3,106906,11.76904324980002,0
836,40659,10.801440729200806,36,0,90874,20.2634511581292,0
837,15078,17.720039092652392,36,1,67855,13.652474365076683,0
838,46880,9.171794697346325,36,1,123205,20.16707420238194,1
839,49864,5.937330217077486,36,1,85484,16.66606572480825,1
840,29470,9.089593865386835,36,1,129614,21.695841127108377,0
841,45486,7.440565928430143,36,0,92819,13.602557541930455,0
842,26924,12.245638915876626,60,2,144668,19.745904631928866,0
843,27612,14.796442364259747,36,2,42178,28.673630860750745,0
844,28559,12.192283597623979,36,4,42340,17.574899510956058,0
845,22339,12.727316087274122,36,1,47402,24.069571094014176,0
846,14613,8.602523856122776,60,3,74619,25.60509881763261,0
847,37413,6.205737850572793,60,5,94365,10.906703822260855,0
848,5274,17.10468549032062,36,4,109025,17.30649742595716,1
849,30427,14.832971017403699,60,1,127087,28.468714584524296,0
850,27145,18.000333145115302,60,1,131933,17.93163530119749,1
851,42297,17.05647348480188,60,0,52357,21.91939895290626,0
852,44301,10.311188947535527,60,0,110357,21.952550172641047,0
853,31651,7.097350719759142,60,0,57290,16.714386794990332,0
854,38778,6.198718573895909,36,0,41478,18.50889336954415,0
855,43651,16.35704488185259,36,0,100383,25.436888505738544,1
856,36221,7.384471639904573,36,1,99259,10.156579107119683,1
857,44484,5.950497044629322,60,3,96004,16.033851891319582,0
858,32249,14.026255592596865,36,5,92698,29.978128988993383,0
859,9462,5.041785958084699,60,2,98830,20.816504093344665,0
860,14293,19.387306847502273,36,3,71460,24.085495806755624,0
861,20982,16.04372137916903,60,3,72997,21.74302741465889,0
862,49352,7.291209701049654,36,5,89264,28.07746551610634,0
863,31034,9.371269047446734,36,5,47802,10.25435521335359,0
864,32208,13.634335709164953,60,5,63298,29.094982373247266,0
865,39850,16.77214941742276,60,0,37249,28.151794679147386,0
866,27444,12.42467477663267,36,0,41228,12.925720063064237,0
867,29310,12.942423329329772,36,3,79216,18.008419509184964,0
868,46755,11.448221019706502,60,1,66819,13.475797987018138,0
869,33034,13.27793747173358,36,1,62385,19.456274752541546,1
870,43252,7.9769199583619494,36,4,67960,17.641251167435097,0
871,38962,11.68851903561766,60,5,45480,21.029555341651122,0
872,32442,13.533976367824742,60,0,89860,14.730498903902875,0
873,37060,19.685733999740876,60,1,65547,18.533608469621306,0
874,27440,8.419398889878655,36,5,71961,15.267286079896682,0
875,18316,18.288261613434194,36,1,144622,23.179252837093767,0
876,13324,10.142849471819751,60,1,44890,15.60739590217324,1
877,5329,8.744602517427445,36,0,50133,11.351625980699199,1
878,13342,18.915495348006175,60,2,66858,26.095813676886,0
879,8383,18.558245372866796,36,5,98315,13.49687363712462,0
880,43759,7.149514147789962,36,2,110327,25.164508122468643,0
881,30059,6.993269135891309,36,4,141776,18.139682818598416,0
882,29368,7.644122126262939,60,1,77583,10.126274540835102,1
883,31668,18.214212156156393,60,3,124097,24.46978128440923,1
884,12864,19.397327355844865,60,1,61361,22.99695253825187,0
885,10586,6.204790915096441,36,4,56885,14.582011632337995,0
886,8258,10.670793443477246,60,5,86265,15.430167784357447,0
887,14946,16.131436162907494,60,2,89728,15.28692606679398,0
888,11223,9.289501222035078,60,5,34685,13.160703466764883,0
889,23416,6.3864999986440605,36,4,102413,14.526524582870465,1
890,12791,17.835581988968787,36,3,62512,22.488263253009357,1
891,26039,11.923954141855868,60,2,127426,10.060806418853833,0
892,22826,9.322198560599464,36,0,52329,19.75513449186403,0
893,29868,11.19348289242794,36,5,55628,14.971055086952344,1
894,32669,9.285270375950432,60,5,142517,26.406152645373425,1
895,23968,15.90284774702083,60,4,139513,22.502551827773058,0
896,22889,7.116944372541756,36,2,75194,17.088921571325002,0
897,12716,9.675248826414506,60,5,103054,13.391108393824629,1
898,10881,18.602581251847077,36,3,39557,14.96770612185821,0
899,47867,13.88080973885329,60,5,83101,29.77926866165614,0
900,26706,5.381262298356371,60,2,43908,21.338303220112987,1
901,34423,13.421997251335442,60,0,53656,10.629706941799746,0
902,21541,7.261146943195792,60,4,126595,28.227197727410605,0
903,5355,12.61453594694115,60,5,106280,11.525099652692631,0
904,29198,9.03522211391384,36,2,84263,20.595253911870465,1
905,32751,7.888991107999048,60,2,127426,15.167169099154151,0
906,31209,7.711650144700174,60,4,141567,24.108486060043376,0
907,21491,18.049320016593803,60,1,33789,24.31388564529513,0
908,43800,9.947517037024227,60,3,104841,19.797101235223067,1
909,31995,14.17504005817544,36,1,93875,22.811770248978576,0
910,18297,18.15232892316873,36,1,104372,28.292551145619072,1
911,32027,6.325727996475628,60,3,77709,24.056587869653114,1
912,8930,15.000371967329903,60,4,130849,15.228836816373372,0
913,38796,15.046187958168565,36,5,84803,23.20747445406676,0
914,38085,10.168238345762415,60,1,134740,18.489305820944466,0
915,43097,5.989983627986856,60,2,115637,14.61394504292295,0
916,48369,10.53296647006519,60,2,126460,16.752673371773916,1
917,24405,13.615260740248347,60,1,81316,22.17537200309632,0
918,25882,19.297773050346926,60,4,56315,28.796611105595385,0
919,22682,19.47099635877063,36,3,65339,14.382544877262193,0
920,25560,15.04831340005945,60,1,111317,14.634137370626284,1
921,27905,11.980570988924242,36,0,35303,21.99043783286966,0
922,20004,9.89413294063181,36,0,44435,20.973026184694156,0
923,28733,11.22124042283468,60,2,31853,24.216864612149866,1
924,8513,14.609298569635776,36,4,119388,23.265918518640603,1
925,19413,9.460217647536826,36,3,130714,11.00452315998,1
926,43342,12.783066211211104,36,0,105034,10.398050860339747,1
927,24700,18.481978769410077,60,0,55349,25.036537616001063,0
928,36921,8.197221219389336,60,5,44200,11.143532919988013,1
929,37705,8.062973561627105,60,2,134557,23.731621456006977,1
930,41770,9.415055728377732,36,1,43551,10.601279550050771,1
931,27229,6.183989782317655,60,0,106191,19.207791507833914,0
932,45595,16.34220155477012,60,2,128625,14.4123022925631,0
933,34462,11.892167947331073,36,3,34882,23.164130512039712,1
934,31203,14.52047882811579,60,4,141020,10.073733841461605,0
935,39128,11.717311987181013,60,1,136768,18.107322929270296,0
936,22687,13.266420953222433,60,1,39456,20.581651709108467,1
937,44754,11.339873323990334,36,2,99407,16.879213625145542,0
938,38927,7.336525985576113,60,4,94169,17.721634113185214,0
939,9277,9.920919007175169,60,2,34599,19.16649400306497,0
940,26268,16.037347395273812,60,5,75055,29.445416774791802,0
941,24825,6.6630686060980615,36,5,142645,18.732753796604143,0
942,12204,17.668133678290125,60,3,47912,14.614988692448653,0
943,19803,8.79754671082636,36,1,115779,27.17521560554086,0
944,13979,10.50766274862541,60,3,126319,26.691398448165863,0
945,13996,10.876735381049834,36,3,63971,18.46961013945345,0
946,25012,12.803911851130177,36,2,145339,19.518605308158744,0
947,20063,10.814062048530364,36,0,133074,26.34148370319059,0
948,49108,9.021192662627202,60,5,62286,17.88219577070352,0
949,12286,6.644079609108446,36,2,107198,29.01271783790581,1
950,20898,14.701832470039513,36,0,123305,11.838980115666168,0
951,28776,14.852847272180595,36,0,132498,25.44794891357199,1
952,28194,14.440143558899518,36,3,41507,25.099214885398602,1
953,21151,16.678486781491028,60,5,53059,21.99542314549664,0
954,44837,18.34403372472304,36,1,66886,21.59351681616375,0
955,48990,13.372777684998724,60,5,59013,28.625119649367598,0
956,24199,12.454454700231055,60,5,128110,17.831035390790923,0
957,9477,7.65957702741318,36,4,52567,14.056320654290301,0
958,23722,12.001805284841584,36,4,58024,18.702041068558835,0
959,19499,19.969710943157413,36,3,140715,27.2180383961348,1
960,12921,8.658976351667118,60,4,104657,11.419595815030073,1
961,21889,8.57003375506858,36,1,113586,22.90252053536185,1
962,19039,9.734032164293268,60,2,121502,20.94626201797552,0
963,28971,9.495361330995015,36,1,132774,15.528842251394819,1
964,13594,13.823157259927857,36,2,123602,16.409002107274347,0
965,19671,15.003963691059575,36,5,114278,12.766029519686366,1
966,8544,5.219784027573679,60,3,49859,19.692404524732005,0
967,23130,13.245785762094714,60,5,62572,21.096148864828642,0
968,20581,13.186261229059875,36,0,30904,15.01013113759808,0
969,45594,15.264053450924749,36,4,53062,14.571653473803822,0
970,7093,10.459784284286577,36,4,42618,14.70344574055834,0
971,19681,8.841285901643507,60,1,66351,28.71295001016412,0
972,26589,15.590142542467664,60,4,67532,20.102651776686805,0
973,36798,5.5376537875283365,36,5,59125,19.120224575949138,1
974,39551,15.499752893503757,36,3,46788,15.708015788853771,1
975,37480,11.652454298641373,36,1,74009,15.091993167238215,1
976,34738,8.434796435658168,60,1,45011,21.74498905079123,0
977,47273,16.633773843674252,60,5,33444,23.14475274207595,1
978,15158,14.742886361537337,60,0,107460,29.73041738112627,1
979,10940,18.966234324553334,60,4,146103,18.339074916122627,0
980,20322,18.551890099267364,36,2,109909,29.376714973645637,1
981,14904,5.889396277916463,36,5,49175,29.778079441674205,1
982,36572,12.707307687857902,36,5,113436,12.281823733562426,1
983,31185,10.24629113929279,60,3,37258,16.51232903948051,0
984,23650,7.600553274561724,60,3,84100,26.91386049308433,1
985,47252,13.852468503661441,60,3,46298,25.817363931886597,0
986,46612,8.186916388694499,36,5,100067,27.150175747341997,0
987,10544,13.72693064883001,36,3,44972,17.20864688277576,1
988,5614,18.155174369464223,36,3,74373,17.071766587635977,1
989,43511,9.126713182222122,36,3,99903,12.511156157840205,0
990,45778,9.630837090890934,36,0,134298,14.03396401030189,0
991,16289,17.73365783577503,60,2,115333,14.22885449186077,0
992,28344,16.246345457097497,36,2,34831,17.422896053638716,0
993,6528,13.486354890067748,36,5,141591,12.367412200869492,1
994,41060,17.36308325969586,60,0,137951,11.604896435567548,0
995,25034,11.85438761840255,36,0,80270,13.891578160038884,0
996,39823,15.069238365586477,36,0,70944,29.142217020523923,1
997,40015,14.645450020323707,60,3,129847,23.401765695975975,0
998,7203,10.822434607680204,36,0,112296,17.220851317006385,0
999,6008,11.174204587388845,60,5,76205,10.460367332979688,0
1000,13767,15.978012129641572,36,4,82167,20.575016612096377,0
